PostId,Title,ProductId,CreatorUserId,PostContent,RatingForDevice,CreationDate,IsArchived
1,eget congue eget semper rutrum nulla nunc purus phasellus in felis,1,63062,"Suspendisse potenti. In eleifend quam a odio. In hac habitasse platea dictumst.

Maecenas ut massa quis augue luctus tincidunt. Nulla mollis molestie lorem. Quisque ut erat.",1,11/22/2018 21:01,0
2,nulla dapibus dolor vel est donec odio justo sollicitudin ut suscipit a feugiat,2,83912,"Vestibulum quam sapien, varius ut, blandit non, interdum in, ante. Vestibulum ante ipsum primis in faucibus orci luctus et ultrices posuere cubilia Curae; Duis faucibus accumsan odio. Curabitur convallis.",5,12/4/2018 1:51,0
3,integer pede justo lacinia eget tincidunt eget tempus vel pede morbi porttitor lorem id ligula suspendisse ornare,3,77416,"Cum sociis natoque penatibus et magnis dis parturient montes, nascetur ridiculus mus. Vivamus vestibulum sagittis sapien. Cum sociis natoque penatibus et magnis dis parturient montes, nascetur ridiculus mus.",5,4/25/2018 3:42,0
4,habitasse platea dictumst aliquam augue quam sollicitudin vitae consectetuer eget rutrum at,4,42923,"Aenean lectus. Pellentesque eget nunc. Donec quis orci eget orci vehicula condimentum.

Curabitur in libero ut massa volutpat convallis. Morbi odio odio, elementum eu, interdum eu, tincidunt in, leo. Maecenas pulvinar lobortis est.

Phasellus sit amet erat. Nulla tempus. Vivamus in felis eu sapien cursus vestibulum.",0,6/27/2018 10:09,0
5,donec semper sapien a libero nam dui proin leo odio porttitor id,5,79354,"In hac habitasse platea dictumst. Etiam faucibus cursus urna. Ut tellus.

Nulla ut erat id mauris vulputate elementum. Nullam varius. Nulla facilisi.",3,11/20/2018 19:25,0
6,elit ac nulla sed vel enim sit amet nunc viverra dapibus nulla suscipit ligula in lacus curabitur at,6,78347,Phasellus sit amet erat. Nulla tempus. Vivamus in felis eu sapien cursus vestibulum.,0,5/6/2019 17:46,0
7,suspendisse potenti in eleifend quam a odio in hac habitasse platea dictumst maecenas ut,7,6561,"Donec diam neque, vestibulum eget, vulputate ut, ultrices vel, augue. Vestibulum ante ipsum primis in faucibus orci luctus et ultrices posuere cubilia Curae; Donec pharetra, magna vestibulum aliquet ultrices, erat tortor sollicitudin mi, sit amet lobortis sapien sapien non mi. Integer ac neque.",4,1/20/2020 22:50,0
8,nulla suspendisse potenti cras in purus eu magna vulputate luctus cum,8,4345,In hac habitasse platea dictumst. Etiam faucibus cursus urna. Ut tellus.,4,2/5/2021 20:57,0
9,orci luctus et ultrices posuere cubilia curae mauris viverra diam vitae,9,67588,"Aenean lectus. Pellentesque eget nunc. Donec quis orci eget orci vehicula condimentum.

Curabitur in libero ut massa volutpat convallis. Morbi odio odio, elementum eu, interdum eu, tincidunt in, leo. Maecenas pulvinar lobortis est.

Phasellus sit amet erat. Nulla tempus. Vivamus in felis eu sapien cursus vestibulum.",2,11/3/2019 10:15,0
