ProductID,Name,Description,Price,ImagePath,ReleaseDate,AverageRating,Brand,IsArchived
1108,Flexidy,Nullam sit amet turpis elementum ligula vehicula consequat. Morbi a ipsum.,$536.65 ,"data:image/png;base64,iVBORw0KGgoAAAANSUhEUgAAABAAAAAQCAYAAAAf8/9hAAAABGdBTUEAAK/INwWK6QAAABl0RVh0U29mdHdhcmUAQWRvYmUgSW1hZ2VSZWFkeXHJZTwAAAJySURBVDjLpVNLbxJRFO4P8BfwO2Dp0g27VmvSnYkbEzYmLpq6sZP66KIxQmYsUUyb1gYqCZrU2qamVJwOIKaxUKAMD4HyKBQGHAaGx1COcy4P8bHzJt/i3pzvO+c759wJAJgYx7Vl0KjQqdCrmBlAP3jT/Bk/TryiQnv/rWhwuDOM9zjGnYROhUAwLBweRbg3riQza68YMAZjfxMYkK/a2DwVOE3whbIIktwB5bJHUGu0IVesgOcoyK/sJSiMHYoMBbRIDka+S82WAnjkdhcqUgcEFfVWl7xJchsOfX7JshNFES0RQF9YNmYekuPnDSj+aEOh2kc014BcpTUS2Tvw8Hc3CmhHgwI6B3fGYNl4SmIbbjxiCQnJ+WoLphZcEMpIkCk3SUwkeQ603csgFwX0nm9RDj1jqUi6/pBV4YJIrg5ZoakKfCIInkkgNhS4qMqwuvmeQy4KzPhPQgI2q1zrEAHMiLi56IVYvgFTlCpAOWH6sZvc28olbFg3BeQSgeNAkAhg+egVydNP3CQrik7OO4mtyfl9chcbHVhdez0S0H/+GuaqUgtqskJ8EjLVJyeL8oiMCXAysWwVaIt1ZEFndcaZdK4MvR5AutQk5SI5UZAJJh/sk6lgYzvdHhx8CQNl/jBqouaerWRwsj5eEJujSSARx4mekYwNxQRxNbvpxTp/2xzrj3G4SPS7ALX1kZUKlX5gta6QalIXMlkmzBzLVsBosUlz9M6vRRpf5SWrj1q3b/FefxzSBZH0BD2HUwLssgFYolf4WdP236s8/pnuvEoZFl7uMk+X1zj6uVl4ZmKERaOFmzM6mFtM5N+f6X++80/jPghfk2d02wAAAABJRU5ErkJggg==",8/18/2019 19:30,1,Thoughtstorm,0
78191,Gembucket,"In sagittis dui vel nisl. Duis ac nibh. Fusce lacus purus, aliquet at, feugiat non, pretium quis, lectus. Suspendisse potenti.",$942.85 ,"data:image/png;base64,iVBORw0KGgoAAAANSUhEUgAAABAAAAAQCAYAAAAf8/9hAAAABGdBTUEAAK/INwWK6QAAABl0RVh0U29mdHdhcmUAQWRvYmUgSW1hZ2VSZWFkeXHJZTwAAAMGSURBVDjLVZNLaFx1GMV//3vnzkymk5lEm/GRzWgVOkVcWRcRLK2YVHwg1geFQJfJIgWhmy7UQl24bcxQGjcqRHfiQikmiIKGKEWE1NqkQmjStNVOZ5J53Ll37v/porQkZ33OD77vcIRzjp0yV94bBTFmnRvBqIqVkbDFl+qksn/Lm1+eLx7644edfnEfYC6/VsYvTDkTTXild/PWBysUziqE9xiEGyRr1dBZOWtkuzr4am39AcAsHy3j7flYlN4et2mN6f6MlWs4tYV1D5F59CzdWzOkCy/jy4TuXx/MGRV/OPSOWveEEJ6x/kkxdGxci1X01jQ2XgRzG4hB1cGlUI2rdDZn6MoNspUz46anpwC8xu/H3xLkJm26i21/j7Mt4N5ZwhMgQuT2LxQOfIaJPXq1eXSQxygmNi+IUS8/PDbpP/F+TgRP4hjCWbvrqV4QoJsXSO5cZPDAOWSrQVT/lcLzn+RlmzHP3fg0b5Nr6M4i6UfO4KQPO5sRApFOkTS+wFlFas9heturuHQRIxnxsHK/9T1U4ytMvIkInsMZA9zjOOsAgUj5xP/9RtD/LKqzjcFHSyqe0RFYg3UC3bqMlzuINfZB2FqwBox2aJVgDTgDVktUDJ7VvRUnDU4MosKreH3PYHoaoyxGg5GgI40K+yjsO0747xIiO4CQEUmXFc9ptUQSIdJPITt/Ejz8ItY7TLIVI1sJSTOi195LoXKO8NYlZPMS6fzT6LBG0mVJbH8rRq1x32QPVvOdm+dxci/9+04h/Aw6uoufKeFI07w+T3NtjqDYT7F8gn+mT4cy5lhq4E27UP9azLp27VRQOEKv/hN3lycRYhjnBtBJEy3vgDEExSLZwRfQtWt0t5h95Tu34AEYSbW5eHYurfvJDU/QVzoCGYGxGwi/RVB8nNzwIYrlE/ixZnn68zkrqO4a042qKJuQKWOYGDp6Ou/6Slg/g9MGl4So5m2uzFTDXptZl6H6xkW3vgtwX6sfidGkxZhVjKiEShJBErEiE5aMZv71H93CTv//ct+662PTZOEAAAAASUVORK5CYII=",11/21/2019 17:58,2,Shuffletag,0
9297,Redhold,Aliquam erat volutpat. In congue.,$522.49 ,"data:image/png;base64,iVBORw0KGgoAAAANSUhEUgAAABAAAAAQCAYAAAAf8/9hAAAABGdBTUEAAK/INwWK6QAAABl0RVh0U29mdHdhcmUAQWRvYmUgSW1hZ2VSZWFkeXHJZTwAAAIySURBVDjLpdNdTFJhGAdw120X3XXR5kU33fQxS0+5Yl24lFnQKsvl2nJLM0fmXLNASceKgAv8yBGgJPEhkcIShEEYKuKU1IxcTm0WUDiJ1Fpbm1tZ/855186oLS/k4r/34n2e355z9rwZADLSyX8vCm+WU6fqT38+21S4ztPy1rmK4lXF5Ry//Hwm6LjoHN8QOGOgUOe9iGByCJ7FJ5BMX0ORiosfa1/wTHqQIAQ4VCHbwpXL53iWHPAe7QefJAvq4G2MLY9gcnUcQ0kf/AkvAm4DPvhl6Lq+jwEuESD7inLrCWXJ10BygC56SgpHlofxfGUMjvhjDH7sR1e0Hfq3VmiqKSwOt6CldCcD7CDA3qrOXfRo37tjRojC5SRt81KYIxp4lxx0+mCOaqEON8NeR2Ght5ppBvsTT9Yqai60F/y0vTehPlyBW+FKAliiOvQnPGQKY+Q+TOOdCCjzEPU2/A1wxIaH3a8N0C20ouGVAI3TVVC9kcEa0yO0MgrfkptM0mprwqypGKG2AgaYYYEsqfGFI94D4csy1E6VonlWgt64Fb6EG7aYGTdGK1ETEv6yu+wEcDQeZoA7LHBEJfxkiejQQxczccZtEE8JwHNRKLMK1rRzng6R3xU8kLkdM/oidAh2M8BRFsi7W/Iu38wBty8bXCcdSy6OyfjfUneCbjj34OoeMkHq92+4SP8A95wSTlrA/ISGnxZAmgeV+ewKbwqwi3MZQLQZQP3nFTLnttS73y9CuFIqo/imAAAAAElFTkSuQmCC",3/13/2019 11:58,0,Omba,0
12091,Holdlamis,"Pellentesque ultrices mattis odio. Donec vitae nisi. Nam ultrices, libero non mattis pulvinar, nulla pede ullamcorper augue, a suscipit nulla elit ac nulla. Sed vel enim sit amet nunc viverra dapibus.",$993.03 ,"data:image/png;base64,iVBORw0KGgoAAAANSUhEUgAAABAAAAAQCAYAAAAf8/9hAAAABGdBTUEAAK/INwWK6QAAABl0RVh0U29mdHdhcmUAQWRvYmUgSW1hZ2VSZWFkeXHJZTwAAAJcSURBVDjLpZPNS9RRFIaf+5tx/JqxUZGKQtEkyJBKw1ZhG0mSFkW1aVW7Wgpusv4CoX20KIgIKowgZSgwrIVghFQbM2swQRM/xmx05jf33nNaBJNWtKizPJzzcDjv+xpV5X8q+mvDPTdxVXpV6BahQxVUGBchpcL1xEnNbp43my9wz02nCrdMfV+jSXagsRpQj+aW8JkJwg8DaREuVJ/S0d8AbsSc0mTnYLDjPFqxDb8xiYTLqMuDKSMoa8bYgPDzA8KF0dN15/RREWBHTI0qM5HWe3EJ1vD5NNhviAtRn/8BEcWU1hMpbeXr2MWsCA07z+tKAKBCb9DQH9cYSJgGt87I4yWQAvgCL56B2Cxu7R0+/EjFvv64eHoBAgARekz1ESSfRl0OFcuxE+WoWNRbjnZmUQlRm8Wtviaa3It4eooqiNBCaRWSW2X6bTWYBJhf5FFF3Qq7a54CId7TWASokFOXj+EdNQ3tVNTuwQSRrfviWV94g64NgSoiRH5e4EljcwchRmU8R2J7M0G0ZAvA2xC/PIwJKhAfxYZMb/7BkF2awMTqCcJR7MYcsNmhil37CMv3iVYdILc0gy0wVJQxM2jqRPgUP3InLvY9bn2GSLKHkmQbqCdcfElh9iaR8l2YquPMPLmUdZamQ1d0sWikxfvmTLSu60FZ/WmIfMNlXuFzc6jLY6IJIomDeJrITA6TmUqdbevXh79Zef6u6RLPjcqWvsZY7X6CkgDE4ULP+vwUX8YG0s5yuf2qpv6YBYDZ2yYunj4Rur2nwxXAWcadJeUsA4ev/SVM/1LfAVOtXW4xpbWpAAAAAElFTkSuQmCC",11/26/2019 9:26,2,Trilia,0
41171,Biodex,"Morbi non lectus. Aliquam sit amet diam in magna bibendum imperdiet. Nullam orci pede, venenatis non, sodales sed, tincidunt eu, felis. Fusce posuere felis sed lacus. Morbi sem mauris, laoreet ut, rhoncus aliquet, pulvinar sed, nisl.",$862.25 ,"data:image/png;base64,iVBORw0KGgoAAAANSUhEUgAAABAAAAAQCAYAAAAf8/9hAAAABGdBTUEAAK/INwWK6QAAABl0RVh0U29mdHdhcmUAQWRvYmUgSW1hZ2VSZWFkeXHJZTwAAAIpSURBVDjLpZNdaFJhGMcX9EExPVNn3Xcd3Ui3urnJbK4guiioiyjKPFm2QRSINZl2RDuprTZNaTLQ06ajizVhDILW+tpmYxXW6mKNXTSKGS2Xm+foP18vBjLRoosfLzzv//nxPC+8NQBq/oeyRfpAvYXVStMeXR2cWgoWtWT1hEJu+yuBXiG92nNYkg8cl8JfoPuoBEwrhXalOK/bL7NWFXRrqSSrEYNR1YJRi8DoJLC3yXGlUYqTCupnVQGjrIVLU4/RrmN4F7Ph85gfj90GXNDshaOByvdfO7SjqiCzMIVfk31YnuKwnBjE0qswUvMJuNQU3obo7RUFDpUol5qMIDUTQ3p2sEAU36ajSCU4uJrqhIor7NGFt9mVYv514CLWpoPIvH9U5PdMGM/vnoKjSb4m1wR2lhXIW7nibp2q3eCffMK4z1gCP/YB5uZ9IBmZ2rerRCA7OLCFnG/OMPCdbUAu/hHCracQrCMQLEMQbnDI9Y4g2HEEJEOyVGPv1pIJyEV2dBzpoQkIwWfgncPgLRyynWEIbBRZsw+CNwrhXmhDsiEgIxb3vd2HOdqNjDOGdWsY39vv4IvJidXrfqx3sJg7bUOmJ1LMkp5NghVXAMl2LxZNbnw1schc9mDF6MAizWBJb0fyEosfN/2bBS/uGxOkED9nz0/oHeDNkbKQ0eP6LoFkCz2zJW8w/9AgCrXQHq7NNEyC5ehvPv/yQQvtXRgwiCr+xn/hD7c3w4UciyonAAAAAElFTkSuQmCC",3/26/2019 18:56,2,Layo,0
24005,Redhold,"Vivamus tortor. Duis mattis egestas metus. Aenean fermentum. Donec ut mauris eget massa tempor convallis. Nulla neque libero, convallis eget, eleifend luctus, ultricies eu, nibh.",$953.13 ,"data:image/png;base64,iVBORw0KGgoAAAANSUhEUgAAABAAAAAQCAYAAAAf8/9hAAAABGdBTUEAAK/INwWK6QAAABl0RVh0U29mdHdhcmUAQWRvYmUgSW1hZ2VSZWFkeXHJZTwAAAIsSURBVDjLnZPNi1JhFMbvKtoHBa1atgmCtv0VrVq0aCkGCn6mYH47ip8IflAKhibpRke00BnnKiKoiKA7qSkF08FvvToak/f0ngu2qBYzXngu3Jf3+b3nPee5VCAQcPj9/ucAQB0iyufzPXS73Wd2u/3RQQB8Wa1Wiclkqms0mrsHAQwGwy21Wn2qUCjOxGLxHVyrVCpHpVKJpWmazeVy20wmQyeTyaf/BaAKhcIrkUh04XA4vhSLxTIxX5IHULMCDd+PkxCLxbaRSETxD6DVamUbjcavWq22LZfLMBqNgGEYuJgs4TxbhG9PHnManuQgGAyypOnv/wCazaat2+1yJ735pOCMy+USBuMFvPzIwosPAMW3xzDwemA+HHL78vk82Gy2Iw5APtZoms/nHGCv2WwGP4Zz6AwWsFgsYLVacUI47jUajTvS9GcUaQ6LgL/Ne3U6HSBVgtPpZFHT6ZSrst1ug1Kp/EolEokdUveGPWAymUA2m4V0Og1kD5AxX1osFo1er2fxGpvNBiQSCVDxeJzp9/tcWWjEcsfjMVSrVUilUth5IEYgo/6Md1apVDSu46FCoRCoaDR6gp1HIwLQ7PV6ezKZbMnj8YBoKZVKUzqd7h4C5HL5bZKVU4FAMOHz+U4qHA6/RiJOAgFIJvFmrp3EUCj0gMyVqdfr0Ov1YL1eg8vl2t0oyh6P5x2JKZAwAQkVNuznjQDkb7xPgnFuNpuvyHyvtFpt+bqA3zDZAQQexaeGAAAAAElFTkSuQmCC",12/5/2020 15:22,4,Talane,0
43584,Rank,Etiam justo. Etiam pretium iaculis justo. In hac habitasse platea dictumst. Etiam faucibus cursus urna.,$945.21 ,"data:image/png;base64,iVBORw0KGgoAAAANSUhEUgAAABAAAAAQCAYAAAAf8/9hAAAABGdBTUEAAK/INwWK6QAAABl0RVh0U29mdHdhcmUAQWRvYmUgSW1hZ2VSZWFkeXHJZTwAAAJQSURBVDjLjZNvSBNxGMeX9O+FOAkaLbehozdGRGiMQqTIlEqJMIig3oxl0YxcgYt6FUZRryLYwpFWCr2wXgjBIMJMYhFjgZSiEXOg5c5N593udne7u+2+3V3tT22SBx/uxe/5fu7uuefRAdCpKJdJoVHB9h9qFSryuSJBYzqdpiRJymYyGZRDOYfH43lULCkW2NRwKpUCy7J5kskkSJJELBbTJARBwOv15iW58AZVoBbwPA9BELS7CsMwoCgK8XhcE3AcB/UhPp/vtyQnGBi03pYXjyAbPQuRD2sSbmUFVN9NLJ5ux9DryZJP0nqiChzjl48Oh9oYRPTAXBVksgnS0hRWu7uxXG/EfL0ZZ9yjGHgb1t4kGo0WBO6AvcUVsFP9oTZZjlQCP7ZA/r4JpHM3lup2Im6pRsRai2PX/GjoDWEk8BWJRKIg6P147mfP+CW63d16RUyOQP5SA6rLAsKyA0TNNizvM4D9/A4Tk2Ec7nuPE0+vgqbpgqBnzLl6vv8N3+x4eEsS0mAvHAJhMoAw6kHUVUF4rkeWHAKXZtA15kDL6C6tkXmBffiZs/P+NE7dC4pBhwsJY6USVjBtBO/bCswrbfq2GS+Ce9DwyooHoRvaPPzVxI67IVfHnQA+2JqQMFQgur0anP8J5IVmYEopmdbh5YQO1wMu0BxdKlB/44GLg48/HT8J8uBesH6/ViDxC5DnWiHPWjAz0wleYCGKokaJIDdI/6JMZ1nWEshr7UEZsnnBH8l+ZfpY9WA9YaWW0ba3SGBWJetY5xzq6pt/AY6/mKmzshF5AAAAAElFTkSuQmCC",10/24/2018 10:03,4,Kaymbo,0
35575,Cardguard,Aliquam non mauris. Morbi non lectus. Aliquam sit amet diam in magna bibendum imperdiet.,$637.63 ,"data:image/png;base64,iVBORw0KGgoAAAANSUhEUgAAABAAAAAQCAYAAAAf8/9hAAAABGdBTUEAAK/INwWK6QAAABl0RVh0U29mdHdhcmUAQWRvYmUgSW1hZ2VSZWFkeXHJZTwAAAHYSURBVDjLjZPLSxtRFMa1f0UXCl0VN66igg80kQZtsLiUWhe14MKFIFHbIEF8BNFFKYVkkT9GKFJooXTToq2gLkQT82oyjzuvO8nXe65mmIkRHfg2c+/3O+d8l9MBoIMkvi6hkNDAA3om9MTz+QAhy7JqnPO667poJ3GOdDr92Q/xAwbIrOs6GGOeFEVBtVpFoVCQkHw+j0wm40Ga5k4C0AXTNGHbNsxv32Hu7YNtp1Cr1VAsFiXAMAxQkWw2ewNpBZDZPjiA+XYebioJ9nIKqqqiVCrdGUlm0gpwzs5hzrwGX1uGMTMLtvrBG6VcLstOcrncPQDOYW3tgCffw0isg4uqnP6J8AhCnVAelUqlPYD/PYE59wZ67BXsL4fg/6ryYhNC82uaJkFtAdbHT+CJFbgbCagjYbDNlDev4zgyH4KQ7gA2n/fMUWWeiAtzBMrgWABAXciAhaibAKAYnXyaGx3/5cSXoIajsH/8hHP8B87llTSSqAMSmQMAfSL2VYtET5WRCLcW3oHt7Aaq+s1+eQAt/EJXh8MNe2kRSmwa/LoQeOsmpFUeQB0ag9I/jIve0G/n6Lhx3x60Ud3L4DbIPhEQo4PHmMVdTW6vD9BNkEesc1O0+t3/AXamvvzW7S+UAAAAAElFTkSuQmCC",3/1/2019 7:23,5,Tagfeed,0
76858,Quo Lux,Suspendisse potenti. In eleifend quam a odio. In hac habitasse platea dictumst. Maecenas ut massa quis augue luctus tincidunt. Nulla mollis molestie lorem.,$900.65 ,"data:image/png;base64,iVBORw0KGgoAAAANSUhEUgAAABAAAAAQCAYAAAAf8/9hAAAABGdBTUEAAK/INwWK6QAAABl0RVh0U29mdHdhcmUAQWRvYmUgSW1hZ2VSZWFkeXHJZTwAAAJuSURBVDjLjZDLa1x1GIafc8uZqUlMMmmsLV7SC2hLCoJQ6tou3Lj0T+jGtQjusnLlP1Bw01UJgrqUoAiC2aixDUQl2oC9TjuZSWbOOTPn/L6La5MRfOHbvTy8zxe5O8fT3Hv9opt/784ZN0vcqN18F2P9hesPv/5X2d1P3Hj71VF4ctu92nEvttyPNj10b/vwh7N/Hu+mTImrzaYLb8PkMcgAwoA4n8PELhzvTgWYgtUPicIh+AQd70Mdo3JS9z8WODr8mdD9BqsLrDoi61zDBP7nAiPOz5HNv4nXT7HsFOaGip0E1Nuvzbv5rpudcSNx9TryCBn9hvR38EmBViPa569OVzC1T9KVj85lL70PPgEt81D+RfXHOu3ld/DWU5J8AC5oYBrAP05X3gMZgg5BC9L2CqE8IIl38fEILUdk0QoapiioAFbiUoA3WP0cmjEixsyLF/HWMzTvk8wuoNOeaGJouYce/oI1Xbx+QDJ/Hm2cuv87XpVEzQAvH3F6Keboq2VXpVaxXVPWUw1OlHVI2qvE2SKedXAfIMHJFy9hrS5N7znt618Qp7PABA/DfHJ0963ed59+FqsYURwj1R4yvIcMfyWdvYI0Tih7NAfP0EaJ82UIAxg/Ipo8obVwiabxC7EGNsa9bbK5y6Rzl8mWrlEd3CfJl9BTZ2m98S6Wv0z14A7uExxB5JDR/gZN7RupBNuq+3c/iE9fIckSwrig6O9RHfa+LX/8csHF12Zmom5n7qdXoCBOHSkfU3T/JtS+Fd2/01k14aap3VBlzYQdU9805dbVDwf7APufL66K+E0NfkOFNRXfUWPThFv/APJzrlrFns7aAAAAAElFTkSuQmCC",7/22/2020 20:52,3,Flashdog,0
5199,Ventosanzap,"Proin leo odio, porttitor id, consequat in, consequat ut, nulla.",$917.91 ,"data:image/png;base64,iVBORw0KGgoAAAANSUhEUgAAABAAAAAQCAYAAAAf8/9hAAAABGdBTUEAAK/INwWK6QAAABl0RVh0U29mdHdhcmUAQWRvYmUgSW1hZ2VSZWFkeXHJZTwAAAHtSURBVDjLpVPJqiJBEHwf1f/UH+DydBTtLxBRUAS9eFH04MGTINIHUQQRt3I5eHBfW20XFBVzKgq75TGPNwxTEFSTXREZmVn1QUQf/4M/Av1+X+r1ekq321U7nY7GGNNarZbabDaVer0u/SjAyTIns/V6TefzmR6Ph8DpdKLFYkG1Wo1Vq1X5W4EXWb9er4SF/XA4kK7rdLlcRAyilUpFL5fL8heBl21mkHe7HW23W1ouV7Tf72mz2RBcGSKqqrJCoSCZArxexThgkEejMbndbrLb7S+xpQDWYDCgbDarmAK8WSqUYVXTNJrNZoJos9nJ6fzFd5uIow/oBwTT6bRqCrTbbQ3Ngl0c/Px0CDKIgMPhJKvVKsqAi9vtRolEQjMF+JiEAOzj0Gq1Mi0jKxxNp1MBw0U8Hn8LNBoNFR1HGSAhKzICFotFwOVy0WQyEZMZDocUi8XeJfD5Kvj5fD5FBq/XS4qikMfjMXfERqMR3e93KpVKFIlE3k3kc5WKxSJDD7AMuxAdj8eCiKxIgG9OZhzSl4uUz+flXC6nY+Y4eDwehZv5fC4uEzJDhBP1YDAof3uVM5mMnEqlGC9JNA49Qc2YO788xInM7/fLPz6mZDIpRaNRJRwOq6FQSAsEAhonqT6fT+Hf0l9f47/iN5+1McdPrPQwAAAAAElFTkSuQmCC",10/29/2020 17:32,0,Zoomdog,0
45077,Sonair,"Aliquam augue quam, sollicitudin vitae, consectetuer eget, rutrum at, lorem. Integer tincidunt ante vel ipsum. Praesent blandit lacinia erat.","$1,072.78 ","data:image/png;base64,iVBORw0KGgoAAAANSUhEUgAAABAAAAAQCAYAAAAf8/9hAAAABGdBTUEAAK/INwWK6QAAABl0RVh0U29mdHdhcmUAQWRvYmUgSW1hZ2VSZWFkeXHJZTwAAAKDSURBVDjLjdFNTNJxHAZw69CWHjp16O2AZB3S1ovOObaI8NBYuuZAhqjIQkzJoSIZBmSCpVuK/sE/WimU6N9SDM0R66IHbabie1hrg0MK3Zo5a8vwidgym8w8PKffvp89e35RAKJ2ipp7WDxvjltZ6jwCr5W2bpHHtqUnx+77877jsZxzlO3roAWXuw5ha1pl9MZdAW2ig8RyXyL8rnx8G6uH387AMnUMC2b6l10BJPdAfWDGhZVREuszT7D6hsTStBNDurO+XQEZnEypx1a28XW2F8HFPqwtOBAYJlCde9EeEZCy4sTN4ksrRA4LZB57vZCfMElUyH4E7Ap86r+LwIAGIy03cDr/lDNJGR/zDyBiHGc3i1ODjUIWtqbdIIexVY86kwZ3HijR/86GmqFqJGhPWs8oTkRvAgb+uZGHhVfRV3UNni41OhU8EDlstBSkwjKjhnmqAg3uUtS6y9Dzvg0ljmKkFCaRm4CJT+/5OERtG4yqZMEwdQt1biV0EyW4PVEE1dsiiMk8eMn0/w9Wp+PCNK1CQ6iBYeommkIpH5Qhy5AF/6Mrf4G955tUJlXxtsHieeWQ2LJxvVuAAkoASUcmLugZPqW0qsprEQjDx3sY3ZIMhXt1+DNw77kdmnYKSsKKx+PfoTQtYX9KtzWG2Rod6aujaJwWHk8+uDawGITeA+SPA7nDQOYgwKcAYhQQajyIY9eQEYE5feLPyV4jFC8CELkAkWMDQmoDPGsQaWYgzRjEU8vL8GARAV8T099bUwqBdgzS14D4VaiBA8gZALJ/t6j1Qqu4Hx4sIvChoyDFWZ1RmcyzORJLJsDSzoUyD5Z6FsxKN+iXn/mM5ZLwYJGAX0F/sgCQt3xBAAAAAElFTkSuQmCC",8/26/2020 2:51,5,Voomm,0
63799,Stim,Duis mattis egestas metus. Aenean fermentum. Donec ut mauris eget massa tempor convallis.,$940.37 ,"data:image/png;base64,iVBORw0KGgoAAAANSUhEUgAAABAAAAAQCAYAAAAf8/9hAAAABGdBTUEAAK/INwWK6QAAABl0RVh0U29mdHdhcmUAQWRvYmUgSW1hZ2VSZWFkeXHJZTwAAAJISURBVDjLzZNdSBNQHMV98lHovfcSbS7NkshK0zSXKbqmtTHSLTUt1OVHEaUUis6H5kul4QeCIpig+IFFUEIo9jUttWJoyUAJbbvpcjrdfl3tpaAs6qUL5+XCOfec//9cP8DvX+D3fwj4LhVpJT5JiA14i03Ca8oX6xfyxNq5bOExGsSqXi9W0k8Jd6paLB9PWnAdPabbFJAEjYSL+wMwNARjY2CzweQk3sePWGhtxdHSwmJzM866euwWC/ZrZSwdPOJajIhM2hB4TsNd6OmBjg6YmIDRUejsxFtcjD0nh1mjEYfBwLxOx4vERN5WVWHLL0Ts3mffEAjxlZie+qorQb7GzAybZ3AQr1rNrErFx4QEPktMR0fzpqKCaWMWImTvnDNwt2ZzBjLvNpm331teBt3dMDcHVis+rZYFSXRKEWd8PFOVlbzPMCIUe6YcO5XKH7awlpMV4MnM7FsvLYXhYRgfxyeti9hYXHFxzJvNfJBkZ3DYlGOHYtdP17ii1QW4NWl9npLSbwJyBq6oKFZqajj/8AzZ/ToyutLQtafwyx4sn0gO+BKverB65Sq+9nbWqqtxFJg426ulbbKBltd1pDaq2LJIS4djti/uP2RbNRXhlmSZ163vUNP06hZ11lq0TanE1ERGbNlEERoRJPOO3LiZ6Na3pXgu9uZy+6WF2mdmCrpyOVAe7g6/rBz4bVVPtyX7S8u2vHsGLCNVmIeuk16fQliJ4p0iP9D/jzsvLY/pGk+iuZNMaFGw9a8+k7Q8oiwMevL93Ve6KsnKrbmJHAAAAABJRU5ErkJggg==",2/24/2020 15:28,1,Realfire,0
10316,Daltfresh,Integer tincidunt ante vel ipsum. Praesent blandit lacinia erat. Vestibulum sed magna at nunc commodo placerat. Praesent blandit. Nam nulla.,"$1,106.89 ","data:image/png;base64,iVBORw0KGgoAAAANSUhEUgAAABAAAAAQCAYAAAAf8/9hAAAABGdBTUEAAK/INwWK6QAAABl0RVh0U29mdHdhcmUAQWRvYmUgSW1hZ2VSZWFkeXHJZTwAAALVSURBVDjLpVO7T1NRGP/dR18iF+iTQktEkHdDCjHgIGAX40AMMhrkD3AxcWBxMnExTigDPhYJcdFFHHxEo5HBVKlaCk1bFJJiaQuhpbS0ve29x3Ov0jiweZLf+ZKT7/t9v+9xGEII/ufwyjU7O3urUCh4SqWSQZIkplgsavL5vFaxsiwzOp1ONBqNL6ampq4p/hMTE/3UrM/Nze0yMzMzNRzHpd1uNxQ1NEBF8OsbXBk9BfHnI0y/64Bg60Q4HJlMpVJ3abBAoUgf4FpaWgI9PT1Gm82GaDSKeDyOnZ0dNDR14P3SNkL7fejtPwuGYbC1tTXGsqxOr9eD53kmk8kM8TRrqyAICAQCsFqtcLlcoKWAlgKLxYJgMIjFxUWYTCZ4PB4kEgmk02nVJxQKtfOKYzKZhNlsRqmqCXfe5pErM5CpPh2jwbDjJIz7+1R+GIpKJTASicBut6ulssqVy+XgdDqxsCyiSFjoNRRaFhKrwYfNKnQ4JYwNboNIWYiiCNrgikqVgHZbRVZiaW0cBQsN+wccR2Dl/ejuuwgLG1T96MRUqypQWA5ZlUOIDGU1GBag8RgUPsF2YhiC3Y065geq2JTqWyE4VEA7Ci0RUZZp/TKh8giMbBJu7UdUm2shZZ6jsXcSrcIGyqWiWkKFQGH0+/1w18TBlQ9QpG8SxWnNazi7LwEFH7yP53G8Ng8Ll0CbtVQh4JXse3t76nhMqRQGmpvV5lQjBredoLrugGZfp7VR0uxnNI9cx4Xd23jyPasScA6HI722tjYci8U4umXKPjCrK8sYaoqifWAUnOwDKe+ioctMOQ6gPaaDQd+FoPcVWf1Veskc9Zl890eumjsv3qtvM9CsXtpUEUvPgugf7wTD1QCG8/jy8EaSyPK5Iwm802c2XZfnGzl2g2ZP/V37w0NHa2hHYuUbwgs3n/JHfdFyUdT7HoznCZ0GzfIPSMVCsYTU/wbkK6iCy8xjQgAAAABJRU5ErkJggg==",9/22/2018 7:36,1,Devshare,0
37794,Job,"Maecenas leo odio, condimentum id, luctus nec, molestie sed, justo.",$771.99 ,"data:image/png;base64,iVBORw0KGgoAAAANSUhEUgAAABAAAAAQCAYAAAAf8/9hAAAABGdBTUEAAK/INwWK6QAAABl0RVh0U29mdHdhcmUAQWRvYmUgSW1hZ2VSZWFkeXHJZTwAAAEGSURBVDjLpZM/LwRRFMXPspmEaGc1shHRaiXsJ5GIRixbCr6SikxIlqgJM5UohIiGdofovHf/PZVmYwZvTntPfjnn3txWCAFNNFE33L/ZKXYv+1dRgL3r7bu0PbucJp3e4GLjtsrXGq9wkA8SU7tPk87i/MwCzAyP5QNeytcnJl46XMuoNoGKDoVlTkQhJpAgmJqcBjnqkqPTXxN8qz9cD6vdHtQMxXOBt49y5XjzLB/3tau6kWewKiwoRu8jZFvn+U++GgCBlWFBQY4qr1ANcAQxgQaFjwH4TwYrQ5skYBOYKbzjiASOwCrNd2BBwZ4jAcowGJgkAuAZ2dEJhAUqij//wn/1BesSumImTttSAAAAAElFTkSuQmCC",10/9/2020 18:58,3,Devpoint,0
32478,Opela,"Quisque ut erat. Curabitur gravida nisi at nibh. In hac habitasse platea dictumst. Aliquam augue quam, sollicitudin vitae, consectetuer eget, rutrum at, lorem. Integer tincidunt ante vel ipsum.","$1,074.31 ","data:image/png;base64,iVBORw0KGgoAAAANSUhEUgAAABAAAAAQCAYAAAAf8/9hAAAABGdBTUEAAK/INwWK6QAAABl0RVh0U29mdHdhcmUAQWRvYmUgSW1hZ2VSZWFkeXHJZTwAAAMGSURBVDjLVZNLaFx1GMV//3vnzkymk5lEm/GRzWgVOkVcWRcRLK2YVHwg1geFQJfJIgWhmy7UQl24bcxQGjcqRHfiQikmiIKGKEWE1NqkQmjStNVOZ5J53Ll37v/porQkZ33OD77vcIRzjp0yV94bBTFmnRvBqIqVkbDFl+qksn/Lm1+eLx7644edfnEfYC6/VsYvTDkTTXild/PWBysUziqE9xiEGyRr1dBZOWtkuzr4am39AcAsHy3j7flYlN4et2mN6f6MlWs4tYV1D5F59CzdWzOkCy/jy4TuXx/MGRV/OPSOWveEEJ6x/kkxdGxci1X01jQ2XgRzG4hB1cGlUI2rdDZn6MoNspUz46anpwC8xu/H3xLkJm26i21/j7Mt4N5ZwhMgQuT2LxQOfIaJPXq1eXSQxygmNi+IUS8/PDbpP/F+TgRP4hjCWbvrqV4QoJsXSO5cZPDAOWSrQVT/lcLzn+RlmzHP3fg0b5Nr6M4i6UfO4KQPO5sRApFOkTS+wFlFas9heturuHQRIxnxsHK/9T1U4ytMvIkInsMZA9zjOOsAgUj5xP/9RtD/LKqzjcFHSyqe0RFYg3UC3bqMlzuINfZB2FqwBox2aJVgDTgDVktUDJ7VvRUnDU4MosKreH3PYHoaoyxGg5GgI40K+yjsO0747xIiO4CQEUmXFc9ptUQSIdJPITt/Ejz8ItY7TLIVI1sJSTOi195LoXKO8NYlZPMS6fzT6LBG0mVJbH8rRq1x32QPVvOdm+dxci/9+04h/Aw6uoufKeFI07w+T3NtjqDYT7F8gn+mT4cy5lhq4E27UP9azLp27VRQOEKv/hN3lycRYhjnBtBJEy3vgDEExSLZwRfQtWt0t5h95Tu34AEYSbW5eHYurfvJDU/QVzoCGYGxGwi/RVB8nNzwIYrlE/ixZnn68zkrqO4a042qKJuQKWOYGDp6Ou/6Slg/g9MGl4So5m2uzFTDXptZl6H6xkW3vgtwX6sfidGkxZhVjKiEShJBErEiE5aMZv71H93CTv//ct+662PTZOEAAAAASUVORK5CYII=",6/28/2019 16:03,4,Oyondu,0
