UserID,PassWord,EmailAddress,NickName,CreationDate,IsAdmin,IsArchived
63062,AQAAAAEAACcQAAAAEGoXSEkWUu0jowjLG6p7gUnxysrgWdglb7qB3mp9amSJw4Y5rvPqKhDo11DSd2JppA==,npeedell0@howstuffworks.com,Bytrxa8980,2/27/2020 21:13,0,0
83912,AQAAAAEAACcQAAAAEISBV6ylpl+pyZphD91uplpIB9VUWfpM6MtUevbUhgAy+JbCK/PNr5su5t34OthPHg==,mborrett1@google.cn,Zxbcdq4196,7/30/2020 3:08,0,0
77416,AQAAAAEAACcQAAAAECffeqvrSVRq7+dQVIcsWl7qFDLJ5vBN2hu+fHe4Ehufd2cZAle/uHSYp4+Q9tFEcw==,gmacrury2@facebook.com,Htdkzb1212,4/22/2020 18:44,0,0
42923,KNiWZVMh,bbyrne3@reverbnation.com,Kyxfcn8147,5/21/2018 5:14,0,0
79354,IcgWFtGC,kvillage4@census.gov,Hdrvya8006,1/15/2019 7:24,0,0
78347,OlXbLqtXJfK,chuggill5@flickr.com,Wifrmn8717,5/31/2019 0:37,0,0
6561,tBPWKuaj9N,pbockin6@hugedomains.com,Thusls4964,11/8/2020 9:44,0,0
4345,HlNiWB,ntrimbey7@blog.com,Hmsffu2509,3/24/2020 18:34,0,0
67588,v6eGUm8f,mskedge8@blog.com,Wlgtgm9390,6/24/2019 14:37,0,0
26600,JH9HVJs3Z0B,wkasman9@homestead.com,Jilfpv3327,3/21/2019 3:35,0,0
61437,Jd2kLQ,pswetta@blogger.com,Khqcgy0148,10/11/2020 11:02,0,0
85497,FgHq8ir,bhessayb@cisco.com,Zttafw0061,11/2/2020 23:10,0,0
21564,gTTP0LBwRH,klawriec@ucoz.ru,Xtyfpx1524,4/13/2019 10:08,0,0
73398,q1IJj55,bkilleend@yahoo.co.jp,Hvmema7791,7/9/2020 6:34,0,0
67706,sWEDyx35s,ocoselye@jalbum.net,Iafqzl3913,4/1/2019 16:27,0,0
admin,AQAAAAEAACcQAAAAEEViKHj5p9eE8g8LKuNpezIep9S4K75RXujhlWbFDwH1FTiW+3AUEP9oBXgjvlgKIQ==,admin@admin.admin,admin,4/1/2019 16:27,1,0
